,URL,企业名称
0,https://yuzhewaimao.1688.com/page/contactinfo.htm,上海韬贸易有限公司
1,https://yuzhewaimao.1688.com/page/contactinfo.htm,上海韬贸易有限公司
2,https://yiyayoufusi.1688.com/page/contactinfo.htm,深圳市宝安区沙井衣雅优制衣厂
3,https://shop1472833661111.1688.com/page/contactinfo.htm,深圳市萌妹胖衣阁服饰有限公司
4,https://mrtcos.1688.com/page/contactinfo.htm,广州市天河区沙东纤羽寻服装店
5,https://shop1448470655287.1688.com/page/contactinfo.htm,深圳市南山区鑫希望服装厂
6,https://shop1494221007403.1688.com/page/contactinfo.htm,广州欣月会妍贸易有限公司
7,https://shop1436547216586.1688.com/page/contactinfo.htm,深圳市福田区秋云尚依服装商行
8,https://malishafushi.1688.com/page/contactinfo.htm,深圳市宝安区松岗玛丽莎服饰商行
9,https://shop1467306492833.1688.com/page/contactinfo.htm,深圳市福田区斐亚妮娜服饰商行
10,https://shop1442824782829.1688.com/page/contactinfo.htm,深圳市宝安区西乡依人飘影服饰厂
11,https://shop1478536876220.1688.com/page/contactinfo.htm,深圳市宝安区沙井郭偌熙服装厂
12,https://shop1464195137079.1688.com/page/contactinfo.htm,深圳市龙岗区彬利越服装商行
13,https://shop129475t6341t3.1688.com/page/contactinfo.htm,深圳市宝安区新桥安岱儿服饰商行
14,https://shop1490703705004.1688.com/page/contactinfo.htm,深圳市龙华新区珂依莱服饰商行
15,https://shop1428770762737.1688.com/page/contactinfo.htm,深圳市龙岗区锦绣衣尚服饰商行
16,https://shop1394297601890.1688.com/page/contactinfo.htm,深圳市宝安区新安曼莎服装厂
17,https://shop0v80l9c608241.1688.com/page/contactinfo.htm,深圳市宝安区新安卡丝媚服装批发商行
18,https://shop1383004075496.1688.com/page/contactinfo.htm,常熟市虞山镇淘大码服装店
19,https://puxiaozhi.1688.com/page/contactinfo.htm,广州朴孝智服饰有限公司
20,https://yuzhewaimao.1688.com/page/contactinfo.htm,上海韬贸易有限公司
21,https://yuzhewaimao.1688.com/page/contactinfo.htm,上海韬贸易有限公司
22,https://yiyayoufusi.1688.com/page/contactinfo.htm,深圳市宝安区沙井衣雅优制衣厂
23,https://shop1472833661111.1688.com/page/contactinfo.htm,深圳市萌妹胖衣阁服饰有限公司
24,https://mrtcos.1688.com/page/contactinfo.htm,广州市天河区沙东纤羽寻服装店
25,https://shop1448470655287.1688.com/page/contactinfo.htm,深圳市南山区鑫希望服装厂
26,https://shop1494221007403.1688.com/page/contactinfo.htm,广州欣月会妍贸易有限公司
27,https://shop1436547216586.1688.com/page/contactinfo.htm,深圳市福田区秋云尚依服装商行
28,https://malishafushi.1688.com/page/contactinfo.htm,深圳市宝安区松岗玛丽莎服饰商行
29,https://shop1467306492833.1688.com/page/contactinfo.htm,深圳市福田区斐亚妮娜服饰商行
30,https://shop1442824782829.1688.com/page/contactinfo.htm,深圳市宝安区西乡依人飘影服饰厂
31,https://shop1478536876220.1688.com/page/contactinfo.htm,深圳市宝安区沙井郭偌熙服装厂
32,https://shop1464195137079.1688.com/page/contactinfo.htm,深圳市龙岗区彬利越服装商行
33,https://shop129475t6341t3.1688.com/page/contactinfo.htm,深圳市宝安区新桥安岱儿服饰商行
34,https://shop1490703705004.1688.com/page/contactinfo.htm,深圳市龙华新区珂依莱服饰商行
35,https://shop1428770762737.1688.com/page/contactinfo.htm,深圳市龙岗区锦绣衣尚服饰商行
36,https://shop1394297601890.1688.com/page/contactinfo.htm,深圳市宝安区新安曼莎服装厂
37,https://shop0v80l9c608241.1688.com/page/contactinfo.htm,深圳市宝安区新安卡丝媚服装批发商行
38,https://shop1383004075496.1688.com/page/contactinfo.htm,常熟市虞山镇淘大码服装店
39,https://puxiaozhi.1688.com/page/contactinfo.htm,广州朴孝智服饰有限公司
40,https://yuzhewaimao.1688.com/page/contactinfo.htm,上海韬贸易有限公司
41,https://yuzhewaimao.1688.com/page/contactinfo.htm,上海韬贸易有限公司
42,https://shop1457369845353.1688.com/page/contactinfo.htm,深圳市南山区隆隆服装厂
43,https://shop1472833661111.1688.com/page/contactinfo.htm,深圳市萌妹胖衣阁服饰有限公司
44,https://yuzhewaimao.1688.com/page/contactinfo.htm,上海韬贸易有限公司
45,https://shop1467306492833.1688.com/page/contactinfo.htm,深圳市福田区斐亚妮娜服饰商行
46,https://mrtcos.1688.com/page/contactinfo.htm,广州市天河区沙东纤羽寻服装店
47,https://shop1448470655287.1688.com/page/contactinfo.htm,深圳市南山区鑫希望服装厂
48,https://shop1494221007403.1688.com/page/contactinfo.htm,广州欣月会妍贸易有限公司
49,https://shop1436547216586.1688.com/page/contactinfo.htm,深圳市福田区秋云尚依服装商行
50,https://shop1442824782829.1688.com/page/contactinfo.htm,深圳市宝安区西乡依人飘影服饰厂
51,https://malishafushi.1688.com/page/contactinfo.htm,深圳市宝安区松岗玛丽莎服饰商行
52,https://shop1394297601890.1688.com/page/contactinfo.htm,深圳市宝安区新安曼莎服装厂
53,https://shop1428770762737.1688.com/page/contactinfo.htm,深圳市龙岗区锦绣衣尚服饰商行
54,https://shop1464195137079.1688.com/page/contactinfo.htm,深圳市龙岗区彬利越服装商行
55,https://shop0v80l9c608241.1688.com/page/contactinfo.htm,深圳市宝安区新安卡丝媚服装批发商行
56,https://shop1478536876220.1688.com/page/contactinfo.htm,深圳市宝安区沙井郭偌熙服装厂
57,https://shop1490703705004.1688.com/page/contactinfo.htm,深圳市龙华新区珂依莱服饰商行
58,https://shop129475t6341t3.1688.com/page/contactinfo.htm,深圳市宝安区新桥安岱儿服饰商行
59,https://yiyayoufusi.1688.com/page/contactinfo.htm,深圳市宝安区沙井衣雅优制衣厂
60,https://yuzhewaimao.1688.com/page/contactinfo.htm,上海韬贸易有限公司
61,https://yuzhewaimao.1688.com/page/contactinfo.htm,上海韬贸易有限公司
62,https://shop1457369845353.1688.com/page/contactinfo.htm,深圳市南山区隆隆服装厂
63,https://shop1472833661111.1688.com/page/contactinfo.htm,深圳市萌妹胖衣阁服饰有限公司
64,https://yuzhewaimao.1688.com/page/contactinfo.htm,上海韬贸易有限公司
65,https://shop1467306492833.1688.com/page/contactinfo.htm,深圳市福田区斐亚妮娜服饰商行
66,https://mrtcos.1688.com/page/contactinfo.htm,广州市天河区沙东纤羽寻服装店
67,https://shop1448470655287.1688.com/page/contactinfo.htm,深圳市南山区鑫希望服装厂
68,https://shop1494221007403.1688.com/page/contactinfo.htm,广州欣月会妍贸易有限公司
69,https://shop1436547216586.1688.com/page/contactinfo.htm,深圳市福田区秋云尚依服装商行
70,https://shop1442824782829.1688.com/page/contactinfo.htm,深圳市宝安区西乡依人飘影服饰厂
71,https://malishafushi.1688.com/page/contactinfo.htm,深圳市宝安区松岗玛丽莎服饰商行
72,https://shop1394297601890.1688.com/page/contactinfo.htm,深圳市宝安区新安曼莎服装厂
73,https://shop1428770762737.1688.com/page/contactinfo.htm,深圳市龙岗区锦绣衣尚服饰商行
74,https://shop1464195137079.1688.com/page/contactinfo.htm,深圳市龙岗区彬利越服装商行
75,https://shop0v80l9c608241.1688.com/page/contactinfo.htm,深圳市宝安区新安卡丝媚服装批发商行
76,https://shop1478536876220.1688.com/page/contactinfo.htm,深圳市宝安区沙井郭偌熙服装厂
77,https://shop1490703705004.1688.com/page/contactinfo.htm,深圳市龙华新区珂依莱服饰商行
78,https://shop129475t6341t3.1688.com/page/contactinfo.htm,深圳市宝安区新桥安岱儿服饰商行
79,https://yiyayoufusi.1688.com/page/contactinfo.htm,深圳市宝安区沙井衣雅优制衣厂
80,https://yuzhewaimao.1688.com/page/contactinfo.htm,上海韬贸易有限公司
81,https://yuzhewaimao.1688.com/page/contactinfo.htm,上海韬贸易有限公司
82,https://shop1457369845353.1688.com/page/contactinfo.htm,深圳市南山区隆隆服装厂
83,https://shop1472833661111.1688.com/page/contactinfo.htm,深圳市萌妹胖衣阁服饰有限公司
84,https://yuzhewaimao.1688.com/page/contactinfo.htm,上海韬贸易有限公司
85,https://shop1467306492833.1688.com/page/contactinfo.htm,深圳市福田区斐亚妮娜服饰商行
86,https://mrtcos.1688.com/page/contactinfo.htm,广州市天河区沙东纤羽寻服装店
87,https://shop1448470655287.1688.com/page/contactinfo.htm,深圳市南山区鑫希望服装厂
88,https://shop1494221007403.1688.com/page/contactinfo.htm,广州欣月会妍贸易有限公司
89,https://shop1436547216586.1688.com/page/contactinfo.htm,深圳市福田区秋云尚依服装商行
90,https://shop1442824782829.1688.com/page/contactinfo.htm,深圳市宝安区西乡依人飘影服饰厂
91,https://malishafushi.1688.com/page/contactinfo.htm,深圳市宝安区松岗玛丽莎服饰商行
92,https://shop1394297601890.1688.com/page/contactinfo.htm,深圳市宝安区新安曼莎服装厂
93,https://shop1428770762737.1688.com/page/contactinfo.htm,深圳市龙岗区锦绣衣尚服饰商行
94,https://shop1464195137079.1688.com/page/contactinfo.htm,深圳市龙岗区彬利越服装商行
95,https://shop0v80l9c608241.1688.com/page/contactinfo.htm,深圳市宝安区新安卡丝媚服装批发商行
96,https://shop1478536876220.1688.com/page/contactinfo.htm,深圳市宝安区沙井郭偌熙服装厂
97,https://shop1490703705004.1688.com/page/contactinfo.htm,深圳市龙华新区珂依莱服饰商行
98,https://shop129475t6341t3.1688.com/page/contactinfo.htm,深圳市宝安区新桥安岱儿服饰商行
99,https://yiyayoufusi.1688.com/page/contactinfo.htm,深圳市宝安区沙井衣雅优制衣厂
100,https://yuzhewaimao.1688.com/page/contactinfo.htm,上海韬贸易有限公司
101,https://yuzhewaimao.1688.com/page/contactinfo.htm,上海韬贸易有限公司
102,https://shop1457369845353.1688.com/page/contactinfo.htm,深圳市南山区隆隆服装厂
103,https://shop1472833661111.1688.com/page/contactinfo.htm,深圳市萌妹胖衣阁服饰有限公司
104,https://yuzhewaimao.1688.com/page/contactinfo.htm,上海韬贸易有限公司
105,https://shop1467306492833.1688.com/page/contactinfo.htm,深圳市福田区斐亚妮娜服饰商行
106,https://mrtcos.1688.com/page/contactinfo.htm,广州市天河区沙东纤羽寻服装店
107,https://shop1448470655287.1688.com/page/contactinfo.htm,深圳市南山区鑫希望服装厂
108,https://shop1494221007403.1688.com/page/contactinfo.htm,广州欣月会妍贸易有限公司
109,https://shop1436547216586.1688.com/page/contactinfo.htm,深圳市福田区秋云尚依服装商行
110,https://shop1442824782829.1688.com/page/contactinfo.htm,深圳市宝安区西乡依人飘影服饰厂
111,https://malishafushi.1688.com/page/contactinfo.htm,深圳市宝安区松岗玛丽莎服饰商行
112,https://shop1394297601890.1688.com/page/contactinfo.htm,深圳市宝安区新安曼莎服装厂
113,https://shop1428770762737.1688.com/page/contactinfo.htm,深圳市龙岗区锦绣衣尚服饰商行
114,https://shop1464195137079.1688.com/page/contactinfo.htm,深圳市龙岗区彬利越服装商行
115,https://shop0v80l9c608241.1688.com/page/contactinfo.htm,深圳市宝安区新安卡丝媚服装批发商行
116,https://shop1478536876220.1688.com/page/contactinfo.htm,深圳市宝安区沙井郭偌熙服装厂
117,https://shop1490703705004.1688.com/page/contactinfo.htm,深圳市龙华新区珂依莱服饰商行
118,https://shop129475t6341t3.1688.com/page/contactinfo.htm,深圳市宝安区新桥安岱儿服饰商行
119,https://yiyayoufusi.1688.com/page/contactinfo.htm,深圳市宝安区沙井衣雅优制衣厂
